timestamp,sensor_id,zone_id,bus_id,voltage_pu,current_a,frequency_hz,load_mw,generation_mw,renewable_generation_mw,line_id,line_flow_mw,line_capacity_mw,temperature_c,humidity_percent,storage_soc_percent,fault_status,anomaly_label
2026-05-23T19:00:00+00:00,sensor-line-1-202605231900,zone-1,bus-1,1.0061,51.79,50.0061,5.649,5.249,0.402,line-1,2.838,22.0,24.94,55.21,61.53,normal,normal
2026-05-23T19:00:00+00:00,sensor-line-2-202605231900,zone-1,bus-2,1.0106,90.0,49.9622,6.244,0.365,0.365,line-2,5.301,24.0,24.94,55.21,61.53,normal,normal
2026-05-23T19:00:00+00:00,sensor-line-3-202605231900,zone-2,bus-3,1.0063,103.73,49.9639,7.314,0.84,0.84,line-3,5.836,26.0,24.94,55.21,61.53,normal,normal
2026-05-23T19:00:00+00:00,sensor-line-4-202605231900,zone-2,bus-4,1.005,95.41,49.981,7.384,0.466,0.466,line-4,5.415,28.0,24.94,55.21,61.53,normal,normal
2026-05-23T19:00:00+00:00,sensor-line-5-202605231900,zone-3,bus-5,1.0036,117.87,49.9969,8.533,0.485,0.485,line-5,7.014,30.0,24.94,55.21,61.53,normal,normal
2026-05-23T19:00:00+00:00,sensor-line-6-202605231900,zone-3,bus-6,1.0071,123.29,49.9844,8.383,1.098,1.098,line-6,7.025,32.0,24.94,55.21,61.53,normal,normal
2026-05-23T19:00:00+00:00,sensor-line-7-202605231900,zone-4,bus-7,1.0131,28.36,50.0014,4.371,4.247,0.445,line-7,1.841,24.0,24.94,55.21,61.53,normal,normal
2026-05-23T19:00:00+00:00,sensor-line-8-202605231900,zone-4,bus-8,1.0085,70.01,49.9922,5.181,0.416,0.416,line-8,4.066,27.0,24.94,55.21,61.53,normal,normal
2026-05-23T19:00:00+00:00,sensor-line-9-202605231900,zone-5,bus-1,1.006,65.99,50.0012,6.013,5.412,0.375,line-9,3.931,29.0,24.94,55.21,61.53,normal,normal
2026-05-23T19:00:00+00:00,sensor-line-10-202605231900,zone-5,bus-6,1.0072,91.89,49.9962,6.233,0.68,0.68,line-10,4.859,31.0,24.94,55.21,61.53,normal,normal
2026-05-23T20:00:00+00:00,sensor-line-1-202605232000,zone-1,bus-1,1.0072,57.27,49.9949,5.372,4.939,0.424,line-1,2.751,22.0,22.27,55.78,56.07,normal,normal
2026-05-23T20:00:00+00:00,sensor-line-2-202605232000,zone-1,bus-2,1.0072,79.32,49.981,5.679,0.334,0.334,line-2,4.916,24.0,22.27,55.78,56.07,normal,normal
2026-05-23T20:00:00+00:00,sensor-line-3-202605232000,zone-2,bus-3,1.0104,116.11,49.9829,7.077,0.745,0.745,line-3,6.408,26.0,22.27,55.78,56.07,normal,normal
2026-05-23T20:00:00+00:00,sensor-line-4-202605232000,zone-2,bus-4,1.0103,98.27,49.9641,6.74,0.478,0.478,line-4,5.498,28.0,22.27,55.78,56.07,normal,normal
2026-05-23T20:00:00+00:00,sensor-line-5-202605232000,zone-3,bus-5,1.0034,129.9,49.9845,7.841,0.266,0.266,line-5,6.655,30.0,22.27,55.78,56.07,normal,normal
2026-05-23T20:00:00+00:00,sensor-line-6-202605232000,zone-3,bus-6,1.01,114.68,49.9812,7.607,0.801,0.801,line-6,6.625,32.0,22.27,55.78,56.07,normal,normal
2026-05-23T20:00:00+00:00,sensor-line-7-202605232000,zone-4,bus-7,1.0093,42.75,49.9823,4.372,3.82,0.4,line-7,2.354,24.0,22.27,55.78,56.07,normal,normal
2026-05-23T20:00:00+00:00,sensor-line-8-202605232000,zone-4,bus-8,1.0089,63.46,49.9775,4.304,0.366,0.366,line-8,3.668,27.0,22.27,55.78,56.07,normal,normal
2026-05-23T20:00:00+00:00,sensor-line-9-202605232000,zone-5,bus-1,1.013,48.87,49.9718,5.087,4.448,0.219,line-9,2.534,29.0,22.27,55.78,56.07,normal,normal
2026-05-23T20:00:00+00:00,sensor-line-10-202605232000,zone-5,bus-6,1.0014,87.2,50.0036,5.59,0.702,0.702,line-10,4.49,31.0,22.27,55.78,56.07,normal,normal
2026-05-23T21:00:00+00:00,sensor-line-1-202605232100,zone-1,bus-1,1.0033,39.53,50.017,4.526,3.921,0.336,line-1,2.312,22.0,21.02,60.86,53.76,normal,normal
2026-05-23T21:00:00+00:00,sensor-line-2-202605232100,zone-1,bus-2,1.0065,72.59,49.9774,5.113,0.377,0.377,line-2,4.146,24.0,21.02,60.86,53.76,normal,normal
2026-05-23T21:00:00+00:00,sensor-line-3-202605232100,zone-2,bus-3,1.0042,79.86,50.011,6.007,0.784,0.784,line-3,4.795,26.0,21.02,60.86,53.76,normal,normal
2026-05-23T21:00:00+00:00,sensor-line-4-202605232100,zone-2,bus-4,1.0015,82.73,49.9831,5.646,0.439,0.439,line-4,4.945,28.0,21.02,60.86,53.76,normal,normal
2026-05-23T21:00:00+00:00,sensor-line-5-202605232100,zone-3,bus-5,1.0082,101.16,49.9741,6.671,0.507,0.507,line-5,5.626,30.0,21.02,60.86,53.76,normal,normal
2026-05-23T21:00:00+00:00,sensor-line-6-202605232100,zone-3,bus-6,1.0026,90.21,50.0066,6.559,0.869,0.869,line-6,5.33,32.0,21.02,60.86,53.76,normal,normal
2026-05-23T21:00:00+00:00,sensor-line-7-202605232100,zone-4,bus-7,1.0121,31.35,49.9942,3.696,3.333,0.374,line-7,1.844,24.0,21.02,60.86,53.76,normal,normal
2026-05-23T21:00:00+00:00,sensor-line-8-202605232100,zone-4,bus-8,1.0104,50.6,49.9797,3.829,0.398,0.398,line-8,3.366,27.0,21.02,60.86,53.76,normal,normal
2026-05-23T21:00:00+00:00,sensor-line-9-202605232100,zone-5,bus-1,1.0127,58.28,50.0109,4.844,4.353,0.403,line-9,3.015,29.0,21.02,60.86,53.76,normal,normal
2026-05-23T21:00:00+00:00,sensor-line-10-202605232100,zone-5,bus-6,1.0125,66.32,49.9948,4.845,0.785,0.785,line-10,3.491,31.0,21.02,60.86,53.76,normal,normal
2026-05-23T22:00:00+00:00,sensor-line-1-202605232200,zone-1,bus-1,0.9998,26.67,50.0033,3.699,3.49,0.323,line-1,1.509,22.0,20.28,69.16,48.13,normal,normal
2026-05-23T22:00:00+00:00,sensor-line-2-202605232200,zone-1,bus-2,1.0016,50.69,49.9863,4.102,0.361,0.361,line-2,3.231,24.0,20.28,69.16,48.13,normal,normal
2026-05-23T22:00:00+00:00,sensor-line-3-202605232200,zone-2,bus-3,1.0102,66.59,49.9746,4.803,0.81,0.81,line-3,4.032,26.0,20.28,69.16,48.13,normal,normal
2026-05-23T22:00:00+00:00,sensor-line-4-202605232200,zone-2,bus-4,1.0049,70.33,49.9937,4.719,0.322,0.322,line-4,3.903,28.0,20.28,69.16,48.13,normal,normal
2026-05-23T22:00:00+00:00,sensor-line-5-202605232200,zone-3,bus-5,1.0076,88.15,49.9858,6.231,0.315,0.315,line-5,5.535,30.0,20.28,69.16,48.13,normal,normal
2026-05-23T22:00:00+00:00,sensor-line-6-202605232200,zone-3,bus-6,1.0088,87.89,49.9847,5.504,0.897,0.897,line-6,4.628,32.0,20.28,69.16,48.13,normal,normal
2026-05-23T22:00:00+00:00,sensor-line-7-202605232200,zone-4,bus-7,0.9947,28.95,49.9904,3.054,2.576,0.182,line-7,1.198,24.0,20.28,69.16,48.13,normal,normal
2026-05-23T22:00:00+00:00,sensor-line-8-202605232200,zone-4,bus-8,1.0139,44.01,49.9919,3.219,0.196,0.196,line-8,2.499,27.0,20.28,69.16,48.13,normal,normal
2026-05-23T22:00:00+00:00,sensor-line-9-202605232200,zone-5,bus-1,1.0104,45.38,49.9835,3.913,3.651,0.313,line-9,2.419,29.0,20.28,69.16,48.13,normal,normal
2026-05-23T22:00:00+00:00,sensor-line-10-202605232200,zone-5,bus-6,1.0082,41.18,49.9897,4.013,0.72,0.72,line-10,2.808,31.0,20.28,69.16,48.13,normal,normal
2026-05-23T23:00:00+00:00,sensor-line-1-202605232300,zone-1,bus-1,1.0046,24.85,49.9959,2.917,2.912,0.53,line-1,1.481,22.0,18.64,71.99,42.91,normal,normal
2026-05-23T23:00:00+00:00,sensor-line-2-202605232300,zone-1,bus-2,0.89,52.46,49.9819,3.833,0.59,0.59,line-2,3.132,24.0,18.64,71.99,42.91,normal,voltage_anomaly
2026-05-23T23:00:00+00:00,sensor-line-3-202605232300,zone-2,bus-3,1.0128,61.86,50.0027,4.123,1.336,1.336,line-3,3.498,26.0,18.64,71.99,42.91,normal,normal
2026-05-23T23:00:00+00:00,sensor-line-4-202605232300,zone-2,bus-4,1.0088,62.3,50.0128,4.314,0.597,0.597,line-4,3.37,28.0,18.64,71.99,42.91,normal,normal
2026-05-23T23:00:00+00:00,sensor-line-5-202605232300,zone-3,bus-5,1.0156,71.68,49.997,5.11,0.625,0.625,line-5,4.074,30.0,18.64,71.99,42.91,normal,normal
2026-05-23T23:00:00+00:00,sensor-line-6-202605232300,zone-3,bus-6,1.0127,66.83,49.9856,4.814,1.229,1.229,line-6,3.898,32.0,18.64,71.99,42.91,normal,normal
2026-05-23T23:00:00+00:00,sensor-line-7-202605232300,zone-4,bus-7,1.0057,18.28,50.0127,2.629,2.473,0.572,line-7,1.309,24.0,18.64,71.99,42.91,normal,normal
2026-05-23T23:00:00+00:00,sensor-line-8-202605232300,zone-4,bus-8,1.0063,39.42,49.9948,2.906,0.578,0.578,line-8,2.254,27.0,18.64,71.99,42.91,normal,normal
2026-05-23T23:00:00+00:00,sensor-line-9-202605232300,zone-5,bus-1,1.0087,31.01,49.9851,3.245,3.508,0.525,line-9,1.663,29.0,18.64,71.99,42.91,normal,normal
2026-05-23T23:00:00+00:00,sensor-line-10-202605232300,zone-5,bus-6,1.005,59.1,50.0085,3.385,0.906,0.906,line-10,2.855,31.0,18.64,71.99,42.91,normal,normal
2026-05-24T00:00:00+00:00,sensor-line-1-202605240000,zone-1,bus-1,1.0052,25.25,49.9868,2.679,2.572,0.594,line-1,1.616,22.0,16.65,71.67,37.63,normal,normal
2026-05-24T00:00:00+00:00,sensor-line-2-202605240000,zone-1,bus-2,1.0102,45.21,49.9879,3.174,0.639,0.639,line-2,2.598,24.0,16.65,71.67,37.63,normal,normal
2026-05-24T00:00:00+00:00,sensor-line-3-202605240000,zone-2,bus-3,1.0173,55.04,50.0024,3.876,1.435,1.435,line-3,3.127,26.0,16.65,71.67,37.63,normal,normal
2026-05-24T00:00:00+00:00,sensor-line-4-202605240000,zone-2,bus-4,1.0026,41.0,50.0059,3.385,0.752,0.752,line-4,2.101,28.0,16.65,71.67,37.63,normal,normal
2026-05-24T00:00:00+00:00,sensor-line-5-202605240000,zone-3,bus-5,1.0056,74.88,50.0007,4.39,0.65,0.65,line-5,3.506,30.0,16.65,71.67,37.63,normal,normal
2026-05-24T00:00:00+00:00,sensor-line-6-202605240000,zone-3,bus-6,1.0087,45.84,49.9909,4.246,1.51,1.51,line-6,3.015,32.0,16.65,71.67,37.63,normal,normal
2026-05-24T00:00:00+00:00,sensor-line-7-202605240000,zone-4,bus-7,1.0145,28.49,49.9926,2.324,2.252,0.564,line-7,1.452,24.0,16.65,71.67,37.63,normal,normal
2026-05-24T00:00:00+00:00,sensor-line-8-202605240000,zone-4,bus-8,1.0034,36.78,49.9718,2.394,0.494,0.494,line-8,1.83,27.0,16.65,71.67,37.63,normal,normal
2026-05-24T00:00:00+00:00,sensor-line-9-202605240000,zone-5,bus-1,1.006,25.04,50.0018,2.919,2.639,0.581,line-9,1.297,29.0,16.65,71.67,37.63,normal,normal
2026-05-24T00:00:00+00:00,sensor-line-10-202605240000,zone-5,bus-6,1.0038,43.01,49.9805,3.046,1.262,1.262,line-10,2.182,31.0,16.65,71.67,37.63,normal,normal
2026-05-24T01:00:00+00:00,sensor-line-1-202605240100,zone-1,bus-1,1.0086,33.38,50.0225,2.7,2.272,0.697,line-1,2.13,22.0,16.01,66.21,39.4,normal,normal
2026-05-24T01:00:00+00:00,sensor-line-2-202605240100,zone-1,bus-2,1.0133,46.28,49.9743,2.988,0.665,0.665,line-2,2.277,24.0,16.01,66.21,39.4,normal,normal
2026-05-24T01:00:00+00:00,sensor-line-3-202605240100,zone-2,bus-3,1.0069,42.98,49.9938,3.699,1.655,1.655,line-3,2.641,26.0,16.01,66.21,39.4,normal,normal
2026-05-24T01:00:00+00:00,sensor-line-4-202605240100,zone-2,bus-4,1.0032,44.91,49.9927,3.346,0.853,0.853,line-4,2.264,28.0,16.01,66.21,39.4,normal,normal
2026-05-24T01:00:00+00:00,sensor-line-5-202605240100,zone-3,bus-5,1.0045,47.88,50.0058,3.91,0.956,0.956,line-5,2.915,30.0,16.01,66.21,39.4,normal,normal
2026-05-24T01:00:00+00:00,sensor-line-6-202605240100,zone-3,bus-6,1.008,61.33,49.9829,4.256,1.832,1.832,line-6,3.304,32.0,16.01,66.21,39.4,normal,normal
2026-05-24T01:00:00+00:00,sensor-line-7-202605240100,zone-4,bus-7,1.0092,19.34,50.0011,2.154,2.239,0.847,line-7,0.777,24.0,16.01,66.21,39.4,normal,normal
2026-05-24T01:00:00+00:00,sensor-line-8-202605240100,zone-4,bus-8,1.0123,10.22,49.9786,2.128,0.639,0.639,line-8,1.204,27.0,16.01,66.21,39.4,normal,normal
2026-05-24T01:00:00+00:00,sensor-line-9-202605240100,zone-5,bus-1,1.0062,27.46,49.9817,2.788,2.346,0.778,line-9,1.44,29.0,16.01,66.21,39.4,normal,normal
2026-05-24T01:00:00+00:00,sensor-line-10-202605240100,zone-5,bus-6,1.006,29.82,50.002,2.806,1.367,1.367,line-10,2.038,31.0,16.01,66.21,39.4,normal,normal
2026-05-24T02:00:00+00:00,sensor-line-1-202605240200,zone-1,bus-1,1.0048,26.42,49.9761,2.645,2.477,0.749,line-1,1.857,22.0,14.83,66.86,36.49,normal,normal
2026-05-24T02:00:00+00:00,sensor-line-2-202605240200,zone-1,bus-2,1.0048,35.69,49.974,2.592,0.877,0.877,line-2,2.162,24.0,14.83,66.86,36.49,normal,normal
2026-05-24T02:00:00+00:00,sensor-line-3-202605240200,zone-2,bus-3,1.0041,45.33,50.0099,3.733,1.561,1.561,line-3,2.96,26.0,14.83,66.86,36.49,normal,normal
2026-05-24T02:00:00+00:00,sensor-line-4-202605240200,zone-2,bus-4,1.0152,37.11,50.0056,3.295,0.778,0.778,line-4,2.259,28.0,14.83,66.86,36.49,normal,normal
2026-05-24T02:00:00+00:00,sensor-line-5-202605240200,zone-3,bus-5,1.0087,51.4,49.9916,3.85,0.827,0.827,line-5,2.97,30.0,14.83,66.86,36.49,normal,normal
2026-05-24T02:00:00+00:00,sensor-line-6-202605240200,zone-3,bus-6,1.015,44.36,50.024,3.614,1.943,1.943,line-6,2.582,32.0,14.83,66.86,36.49,normal,normal
2026-05-24T02:00:00+00:00,sensor-line-7-202605240200,zone-4,bus-7,1.0094,17.26,49.9845,1.951,1.983,0.812,line-7,0.779,24.0,14.83,66.86,36.49,normal,normal
2026-05-24T02:00:00+00:00,sensor-line-8-202605240200,zone-4,bus-8,1.0061,26.85,49.9806,2.174,0.676,0.676,line-8,1.616,27.0,14.83,66.86,36.49,normal,normal
2026-05-24T02:00:00+00:00,sensor-line-9-202605240200,zone-5,bus-1,1.0099,16.7,49.9793,2.58,2.399,0.723,line-9,1.166,29.0,14.83,66.86,36.49,normal,normal
2026-05-24T02:00:00+00:00,sensor-line-10-202605240200,zone-5,bus-6,1.01,30.87,49.9931,2.772,1.298,1.298,line-10,1.91,31.0,14.83,66.86,36.49,normal,normal
2026-05-24T03:00:00+00:00,sensor-line-1-202605240300,zone-1,bus-1,1.0075,12.15,50.0079,2.507,2.367,0.715,line-1,1.265,22.0,15.55,68.79,36.9,normal,normal
2026-05-24T03:00:00+00:00,sensor-line-2-202605240300,zone-1,bus-2,1.0107,40.53,49.9836,2.992,0.789,0.789,line-2,2.406,24.0,15.55,68.79,36.9,normal,normal
2026-05-24T03:00:00+00:00,sensor-line-3-202605240300,zone-2,bus-3,1.0022,56.02,50.0028,3.692,1.687,1.687,line-3,2.801,26.0,15.55,68.79,36.9,normal,normal
2026-05-24T03:00:00+00:00,sensor-line-4-202605240300,zone-2,bus-4,1.0131,26.05,49.9905,3.619,0.862,0.862,line-4,2.358,28.0,15.55,68.79,36.9,normal,normal
2026-05-24T03:00:00+00:00,sensor-line-5-202605240300,zone-3,bus-5,1.0059,51.05,50.0111,4.184,0.797,0.797,line-5,3.045,30.0,15.55,68.79,36.9,normal,normal
2026-05-24T03:00:00+00:00,sensor-line-6-202605240300,zone-3,bus-6,1.0087,50.36,49.9916,3.969,1.939,1.939,line-6,3.311,32.0,15.55,68.79,36.9,normal,normal
2026-05-24T03:00:00+00:00,sensor-line-7-202605240300,zone-4,bus-7,1.0142,16.87,49.989,2.021,2.18,0.803,line-7,0.984,24.0,15.55,68.79,36.9,normal,normal
2026-05-24T03:00:00+00:00,sensor-line-8-202605240300,zone-4,bus-8,1.0111,39.17,49.9894,2.385,0.669,0.669,line-8,2.115,27.0,15.55,68.79,36.9,normal,normal
2026-05-24T03:00:00+00:00,sensor-line-9-202605240300,zone-5,bus-1,1.011,24.38,49.9737,2.572,2.3,0.535,line-9,1.519,29.0,15.55,68.79,36.9,normal,normal
2026-05-24T03:00:00+00:00,sensor-line-10-202605240300,zone-5,bus-6,1.0078,25.81,50.0088,2.794,1.289,1.289,line-10,1.345,31.0,15.55,68.79,36.9,normal,normal
2026-05-24T04:00:00+00:00,sensor-line-1-202605240400,zone-1,bus-1,1.0108,39.02,50.0038,3.185,2.939,0.597,line-1,1.96,22.0,16.17,70.08,38.56,normal,normal
2026-05-24T04:00:00+00:00,sensor-line-2-202605240400,zone-1,bus-2,1.0176,48.84,49.9898,3.201,0.597,0.597,line-2,2.808,24.0,16.17,70.08,38.56,normal,normal
2026-05-24T04:00:00+00:00,sensor-line-3-202605240400,zone-2,bus-3,1.0154,54.79,49.9784,4.092,1.41,1.41,line-3,3.196,26.0,16.17,70.08,38.56,normal,normal
2026-05-24T04:00:00+00:00,sensor-line-4-202605240400,zone-2,bus-4,1.002,59.04,49.978,3.861,0.722,0.722,line-4,3.259,28.0,16.17,70.08,38.56,normal,normal
2026-05-24T04:00:00+00:00,sensor-line-5-202605240400,zone-3,bus-5,1.0108,67.37,49.998,4.548,0.596,0.596,line-5,4.014,30.0,16.17,70.08,38.56,normal,normal
2026-05-24T04:00:00+00:00,sensor-line-6-202605240400,zone-3,bus-6,1.0047,70.59,49.9795,4.629,1.4,1.4,line-6,3.964,32.0,16.17,70.08,38.56,normal,normal
2026-05-24T04:00:00+00:00,sensor-line-7-202605240400,zone-4,bus-7,1.0099,22.29,49.9943,2.306,2.195,0.655,line-7,0.96,24.0,16.17,70.08,38.56,normal,normal
2026-05-24T04:00:00+00:00,sensor-line-8-202605240400,zone-4,bus-8,1.0193,40.16,50.0231,2.44,0.448,0.448,line-8,2.274,27.0,16.17,70.08,38.56,normal,normal
2026-05-24T04:00:00+00:00,sensor-line-9-202605240400,zone-5,bus-1,1.01,24.59,50.0053,3.16,2.675,0.641,line-9,1.69,29.0,16.17,70.08,38.56,normal,normal
2026-05-24T04:00:00+00:00,sensor-line-10-202605240400,zone-5,bus-6,1.0058,42.51,49.9915,2.994,0.954,0.954,line-10,2.357,31.0,16.17,70.08,38.56,normal,normal
2026-05-24T05:00:00+00:00,sensor-line-1-202605240500,zone-1,bus-1,1.0076,34.91,49.9949,3.487,2.909,0.647,line-1,1.755,22.0,18.04,66.96,41.43,normal,normal
2026-05-24T05:00:00+00:00,sensor-line-2-202605240500,zone-1,bus-2,1.02,49.83,50.005,3.634,0.533,0.533,line-2,2.886,24.0,18.04,66.96,41.43,normal,normal
2026-05-24T05:00:00+00:00,sensor-line-3-202605240500,zone-2,bus-3,1.0068,71.0,50.009,4.951,1.497,1.497,line-3,3.889,26.0,18.04,66.96,41.43,normal,normal
2026-05-24T05:00:00+00:00,sensor-line-4-202605240500,zone-2,bus-4,1.0161,78.62,49.9976,4.755,0.635,0.635,line-4,4.259,28.0,18.04,66.96,41.43,normal,normal
2026-05-24T05:00:00+00:00,sensor-line-5-202605240500,zone-3,bus-5,1.0104,71.33,49.9998,5.184,0.787,0.787,line-5,4.194,30.0,18.04,66.96,41.43,normal,normal
2026-05-24T05:00:00+00:00,sensor-line-6-202605240500,zone-3,bus-6,1.0072,64.32,49.9826,4.98,1.481,1.481,line-6,3.793,32.0,18.04,66.96,41.43,normal,normal
2026-05-24T05:00:00+00:00,sensor-line-7-202605240500,zone-4,bus-7,1.0185,16.38,49.9999,2.477,2.364,0.714,line-7,1.555,24.0,18.04,66.96,41.43,normal,normal
2026-05-24T05:00:00+00:00,sensor-line-8-202605240500,zone-4,bus-8,1.0094,41.26,49.9614,2.876,0.4,0.4,line-8,2.241,27.0,18.04,66.96,41.43,normal,normal
2026-05-24T05:00:00+00:00,sensor-line-9-202605240500,zone-5,bus-1,1.0091,32.59,49.9898,3.438,2.774,0.557,line-9,2.073,29.0,18.04,66.96,41.43,normal,normal
2026-05-24T05:00:00+00:00,sensor-line-10-202605240500,zone-5,bus-6,1.018,58.86,50.012,3.609,1.091,1.091,line-10,3.122,31.0,18.04,66.96,41.43,normal,normal
2026-05-24T06:00:00+00:00,sensor-line-1-202605240600,zone-1,bus-1,1.0073,38.59,50.0312,4.314,3.302,0.511,line-1,2.23,22.0,18.88,69.04,45.92,normal,normal
2026-05-24T06:00:00+00:00,sensor-line-2-202605240600,zone-1,bus-2,1.0033,73.98,49.9852,4.547,0.646,0.646,line-2,3.913,24.0,18.88,69.04,45.92,normal,normal
2026-05-24T06:00:00+00:00,sensor-line-3-202605240600,zone-2,bus-3,1.0051,85.55,49.9896,5.694,1.307,1.307,line-3,5.068,26.0,18.88,69.04,45.92,normal,normal
2026-05-24T06:00:00+00:00,sensor-line-4-202605240600,zone-2,bus-4,1.0057,81.35,49.9962,5.692,0.506,0.506,line-4,4.442,28.0,18.88,69.04,45.92,normal,normal
2026-05-24T06:00:00+00:00,sensor-line-5-202605240600,zone-3,bus-5,1.0066,105.67,49.9754,6.746,0.594,0.594,line-5,5.855,30.0,18.88,69.04,45.92,normal,normal
2026-05-24T06:00:00+00:00,sensor-line-6-202605240600,zone-3,bus-6,1.0016,87.98,49.979,6.02,1.246,1.246,line-6,4.902,32.0,18.88,69.04,45.92,normal,normal
2026-05-24T06:00:00+00:00,sensor-line-7-202605240600,zone-4,bus-7,1.0059,19.1,49.9845,3.442,2.936,0.731,line-7,1.51,24.0,18.88,69.04,45.92,normal,normal
2026-05-24T06:00:00+00:00,sensor-line-8-202605240600,zone-4,bus-8,1.0119,46.2,49.9873,3.633,0.437,0.437,line-8,2.518,27.0,18.88,69.04,45.92,normal,normal
2026-05-24T06:00:00+00:00,sensor-line-9-202605240600,zone-5,bus-1,1.0111,56.24,50.0029,4.362,3.415,0.574,line-9,3.074,29.0,18.88,69.04,45.92,normal,normal
2026-05-24T06:00:00+00:00,sensor-line-10-202605240600,zone-5,bus-6,1.0097,65.85,49.9695,4.317,1.053,1.053,line-10,3.203,31.0,18.88,69.04,45.92,normal,normal
2026-05-24T07:00:00+00:00,sensor-line-1-202605240700,zone-1,bus-1,1.0056,56.19,49.9959,4.68,3.507,0.568,line-1,2.876,22.0,21.12,58.23,51.39,normal,normal
2026-05-24T07:00:00+00:00,sensor-line-2-202605240700,zone-1,bus-2,1.004,73.08,49.9966,5.6,0.543,0.543,line-2,4.571,24.0,21.12,58.23,51.39,normal,normal
2026-05-24T07:00:00+00:00,sensor-line-3-202605240700,zone-2,bus-3,1.0036,73.02,49.98,6.23,1.377,1.377,line-3,4.894,26.0,21.12,58.23,51.39,normal,normal
2026-05-24T07:00:00+00:00,sensor-line-4-202605240700,zone-2,bus-4,1.0072,79.35,49.9597,5.809,0.654,0.654,line-4,4.694,28.0,21.12,58.23,51.39,normal,normal
2026-05-24T07:00:00+00:00,sensor-line-5-202605240700,zone-3,bus-5,1.0037,104.27,47.6,7.412,0.794,0.794,line-5,6.158,30.0,21.12,58.23,51.39,normal,frequency_anomaly
2026-05-24T07:00:00+00:00,sensor-line-6-202605240700,zone-3,bus-6,1.0092,100.57,50.0049,6.711,1.441,1.441,line-6,5.912,32.0,21.12,58.23,51.39,normal,normal
2026-05-24T07:00:00+00:00,sensor-line-7-202605240700,zone-4,bus-7,1.0126,49.95,49.9896,3.958,3.123,0.576,line-7,2.884,24.0,21.12,58.23,51.39,normal,normal
2026-05-24T07:00:00+00:00,sensor-line-8-202605240700,zone-4,bus-8,1.0008,55.86,49.9839,4.037,0.595,0.595,line-8,3.188,27.0,21.12,58.23,51.39,normal,normal
2026-05-24T07:00:00+00:00,sensor-line-9-202605240700,zone-5,bus-1,1.0042,69.98,50.0099,4.88,3.863,0.641,line-9,3.281,29.0,21.12,58.23,51.39,normal,normal
2026-05-24T07:00:00+00:00,sensor-line-10-202605240700,zone-5,bus-6,1.0166,70.53,49.9733,5.263,1.148,1.148,line-10,4.069,31.0,21.12,58.23,51.39,normal,normal
2026-05-24T08:00:00+00:00,sensor-line-1-202605240800,zone-1,bus-1,1.0127,50.91,49.9817,5.133,3.865,0.711,line-1,2.993,22.0,23.25,60.08,56.44,normal,normal
2026-05-24T08:00:00+00:00,sensor-line-2-202605240800,zone-1,bus-2,1.0031,95.26,50.0025,5.58,0.73,0.73,line-2,4.652,24.0,23.25,60.08,56.44,normal,normal
2026-05-24T08:00:00+00:00,sensor-line-3-202605240800,zone-2,bus-3,1.0083,112.48,49.9879,7.079,1.936,1.936,line-3,5.898,26.0,23.25,60.08,56.44,normal,normal
2026-05-24T08:00:00+00:00,sensor-line-4-202605240800,zone-2,bus-4,1.0143,81.16,49.989,6.214,0.995,0.995,line-4,4.869,28.0,23.25,60.08,56.44,normal,normal
2026-05-24T08:00:00+00:00,sensor-line-5-202605240800,zone-3,bus-5,1.0098,99.38,49.9763,7.776,1.064,1.064,line-5,6.412,30.0,23.25,60.08,56.44,normal,normal
2026-05-24T08:00:00+00:00,sensor-line-6-202605240800,zone-3,bus-6,1.0084,103.23,50.0029,7.52,2.199,2.199,line-6,6.057,32.0,23.25,60.08,56.44,normal,normal
2026-05-24T08:00:00+00:00,sensor-line-7-202605240800,zone-4,bus-7,1.0146,23.67,49.9891,3.9,3.526,0.801,line-7,1.731,24.0,23.25,60.08,56.44,normal,normal
2026-05-24T08:00:00+00:00,sensor-line-8-202605240800,zone-4,bus-8,1.0069,65.61,50.0007,4.456,0.619,0.619,line-8,3.341,27.0,23.25,60.08,56.44,normal,normal
2026-05-24T08:00:00+00:00,sensor-line-9-202605240800,zone-5,bus-1,1.0107,49.48,49.9966,5.089,4.138,0.716,line-9,3.012,29.0,23.25,60.08,56.44,normal,normal
2026-05-24T08:00:00+00:00,sensor-line-10-202605240800,zone-5,bus-6,1.006,76.16,49.9819,5.358,1.579,1.579,line-10,3.971,31.0,23.25,60.08,56.44,normal,normal
2026-05-24T09:00:00+00:00,sensor-line-1-202605240900,zone-1,bus-1,1.0165,51.49,49.9681,5.034,4.168,0.947,line-1,3.275,22.0,25.06,56.85,66.98,normal,normal
2026-05-24T09:00:00+00:00,sensor-line-2-202605240900,zone-1,bus-2,1.0076,86.83,49.9931,5.656,1.075,1.075,line-2,4.739,24.0,25.06,56.85,66.98,normal,normal
2026-05-24T09:00:00+00:00,sensor-line-3-202605240900,zone-2,bus-3,1.0109,87.08,49.9735,6.794,2.651,2.651,line-3,4.648,26.0,25.06,56.85,66.98,normal,normal
2026-05-24T09:00:00+00:00,sensor-line-4-202605240900,zone-2,bus-4,1.0038,81.39,49.9719,6.5,1.071,1.071,line-4,5.189,28.0,25.06,56.85,66.98,normal,normal
2026-05-24T09:00:00+00:00,sensor-line-5-202605240900,zone-3,bus-5,1.007,115.93,50.0003,7.828,1.311,1.311,line-5,6.62,30.0,25.06,56.85,66.98,normal,normal
2026-05-24T09:00:00+00:00,sensor-line-6-202605240900,zone-3,bus-6,1.0067,103.76,49.9855,7.443,2.875,2.875,line-6,5.986,32.0,25.06,56.85,66.98,normal,normal
2026-05-24T09:00:00+00:00,sensor-line-7-202605240900,zone-4,bus-7,1.0113,38.21,49.9865,4.098,3.768,0.94,line-7,2.061,24.0,25.06,56.85,66.98,normal,normal
2026-05-24T09:00:00+00:00,sensor-line-8-202605240900,zone-4,bus-8,1.0102,76.65,50.0141,4.358,0.719,0.719,line-8,4.052,27.0,25.06,56.85,66.98,normal,normal
2026-05-24T09:00:00+00:00,sensor-line-9-202605240900,zone-5,bus-1,1.0093,45.05,49.9928,5.118,4.197,0.8,line-9,3.195,29.0,25.06,56.85,66.98,normal,normal
2026-05-24T09:00:00+00:00,sensor-line-10-202605240900,zone-5,bus-6,1.0053,69.73,49.9781,5.482,1.873,1.873,line-10,4.061,31.0,25.06,56.85,66.98,normal,normal
2026-05-24T10:00:00+00:00,sensor-line-1-202605241000,zone-1,bus-1,1.0027,49.21,50.0018,4.905,4.001,0.982,line-1,2.923,22.0,26.9,46.99,63.42,normal,normal
2026-05-24T10:00:00+00:00,sensor-line-2-202605241000,zone-1,bus-2,1.0089,78.09,49.9887,5.414,1.036,1.036,line-2,4.797,24.0,26.9,46.99,63.42,normal,normal
2026-05-24T10:00:00+00:00,sensor-line-3-202605241000,zone-2,bus-3,1.0078,82.93,50.0151,6.777,2.609,2.609,line-3,5.42,26.0,26.9,46.99,63.42,normal,normal
2026-05-24T10:00:00+00:00,sensor-line-4-202605241000,zone-2,bus-4,1.0044,76.48,49.9824,6.357,1.198,1.198,line-4,4.845,28.0,26.9,46.99,63.42,normal,normal
2026-05-24T10:00:00+00:00,sensor-line-5-202605241000,zone-3,bus-5,1.0027,111.06,49.9721,7.697,1.459,1.459,line-5,6.487,30.0,26.9,46.99,63.42,normal,normal
2026-05-24T10:00:00+00:00,sensor-line-6-202605241000,zone-3,bus-6,1.0122,95.83,50.0019,7.491,2.836,2.836,line-6,5.605,32.0,26.9,46.99,63.42,normal,normal
2026-05-24T10:00:00+00:00,sensor-line-7-202605241000,zone-4,bus-7,1.0126,29.8,49.9886,3.8,3.225,0.867,line-7,1.538,24.0,26.9,46.99,63.42,normal,normal
2026-05-24T10:00:00+00:00,sensor-line-8-202605241000,zone-4,bus-8,1.0124,54.73,50.0045,4.538,0.812,0.812,line-8,3.384,27.0,26.9,46.99,63.42,normal,normal
2026-05-24T10:00:00+00:00,sensor-line-9-202605241000,zone-5,bus-1,0.9982,60.57,49.9797,4.961,3.76,0.791,line-9,3.554,29.0,26.9,46.99,63.42,normal,normal
2026-05-24T10:00:00+00:00,sensor-line-10-202605241000,zone-5,bus-6,1.0077,54.81,50.0069,5.371,2.096,2.096,line-10,3.867,31.0,26.9,46.99,63.42,normal,normal
2026-05-24T11:00:00+00:00,sensor-line-1-202605241100,zone-1,bus-1,1.0181,33.83,50.0328,4.787,4.165,0.997,line-1,2.435,22.0,28.3,46.1,70.03,normal,normal
2026-05-24T11:00:00+00:00,sensor-line-2-202605241100,zone-1,bus-2,1.0091,73.04,49.9849,5.291,1.292,1.292,line-2,4.36,24.0,28.3,46.1,70.03,normal,normal
2026-05-24T11:00:00+00:00,sensor-line-3-202605241100,zone-2,bus-3,1.0064,79.37,49.9842,6.402,2.94,2.94,line-3,4.949,26.0,28.3,46.1,70.03,normal,normal
2026-05-24T11:00:00+00:00,sensor-line-4-202605241100,zone-2,bus-4,1.0127,86.04,49.9922,6.179,1.178,1.178,line-4,4.745,28.0,28.3,46.1,70.03,normal,normal
2026-05-24T11:00:00+00:00,sensor-line-5-202605241100,zone-3,bus-5,1.0064,98.3,49.997,7.474,1.411,1.411,line-5,5.991,30.0,28.3,46.1,70.03,normal,normal
2026-05-24T11:00:00+00:00,sensor-line-6-202605241100,zone-3,bus-6,1.0061,92.96,49.9804,7.298,3.302,3.302,line-6,5.259,32.0,28.3,46.1,70.03,normal,normal
2026-05-24T11:00:00+00:00,sensor-line-7-202605241100,zone-4,bus-7,1.006,23.96,49.969,3.734,3.484,1.183,line-7,1.383,24.0,28.3,46.1,70.03,normal,normal
2026-05-24T11:00:00+00:00,sensor-line-8-202605241100,zone-4,bus-8,1.0052,55.77,50.0148,4.247,0.828,0.828,line-8,3.079,27.0,28.3,46.1,70.03,normal,normal
2026-05-24T11:00:00+00:00,sensor-line-9-202605241100,zone-5,bus-1,1.0099,60.23,50.0041,4.955,4.569,0.955,line-9,3.231,29.0,28.3,46.1,70.03,normal,normal
2026-05-24T11:00:00+00:00,sensor-line-10-202605241100,zone-5,bus-6,1.0045,62.47,49.9902,5.114,2.268,2.268,line-10,3.537,31.0,28.3,46.1,70.03,normal,normal
2026-05-24T12:00:00+00:00,sensor-line-1-202605241200,zone-1,bus-1,1.0046,42.51,50.0049,4.926,3.864,0.793,line-1,2.414,22.0,30.78,43.49,76.06,normal,normal
2026-05-24T12:00:00+00:00,sensor-line-2-202605241200,zone-1,bus-2,1.0105,67.21,49.9793,4.878,0.953,0.953,line-2,3.928,24.0,30.78,43.49,76.06,normal,normal
2026-05-24T12:00:00+00:00,sensor-line-3-202605241200,zone-2,bus-3,0.9985,85.21,49.9865,5.896,2.693,2.693,line-3,4.795,26.0,30.78,43.49,76.06,normal,normal
2026-05-24T12:00:00+00:00,sensor-line-4-202605241200,zone-2,bus-4,1.0081,69.0,49.9859,5.912,1.068,1.068,line-4,4.588,28.0,30.78,43.49,76.06,normal,normal
2026-05-24T12:00:00+00:00,sensor-line-5-202605241200,zone-3,bus-5,1.0089,104.34,49.9956,7.134,1.215,1.215,line-5,5.656,30.0,30.78,43.49,76.06,normal,normal
2026-05-24T12:00:00+00:00,sensor-line-6-202605241200,zone-3,bus-6,1.0136,91.44,50.0124,6.73,3.159,3.159,line-6,5.276,32.0,30.78,43.49,76.06,normal,normal
2026-05-24T12:00:00+00:00,sensor-line-7-202605241200,zone-4,bus-7,1.0069,25.61,49.9929,3.701,3.236,1.049,line-7,2.061,24.0,30.78,43.49,76.06,normal,normal
2026-05-24T12:00:00+00:00,sensor-line-8-202605241200,zone-4,bus-8,1.0132,55.92,49.9881,3.759,0.681,0.681,line-8,3.261,27.0,30.78,43.49,76.06,normal,normal
2026-05-24T12:00:00+00:00,sensor-line-9-202605241200,zone-5,bus-1,1.0171,44.22,49.9969,4.638,3.78,0.805,line-9,3.041,29.0,30.78,43.49,76.06,normal,normal
2026-05-24T12:00:00+00:00,sensor-line-10-202605241200,zone-5,bus-6,1.0147,45.25,49.9946,4.893,2.067,2.067,line-10,3.108,31.0,30.78,43.49,76.06,normal,normal
2026-05-24T13:00:00+00:00,sensor-line-1-202605241300,zone-1,bus-1,1.0143,54.35,50.0183,4.669,3.957,0.733,line-1,2.88,22.0,30.6,48.01,76.61,normal,normal
2026-05-24T13:00:00+00:00,sensor-line-2-202605241300,zone-1,bus-2,1.0065,65.34,50.0021,4.658,0.802,0.802,line-2,3.858,24.0,30.6,48.01,76.61,normal,normal
2026-05-24T13:00:00+00:00,sensor-line-3-202605241300,zone-2,bus-3,1.0093,87.37,50.0049,5.9,2.491,2.491,line-3,4.629,26.0,30.6,48.01,76.61,normal,normal
2026-05-24T13:00:00+00:00,sensor-line-4-202605241300,zone-2,bus-4,1.006,80.36,49.9716,5.89,0.746,0.746,line-4,4.525,28.0,30.6,48.01,76.61,normal,normal
2026-05-24T13:00:00+00:00,sensor-line-5-202605241300,zone-3,bus-5,1.0169,91.0,49.9786,7.194,1.034,1.034,line-5,5.624,30.0,30.6,48.01,76.61,normal,normal
2026-05-24T13:00:00+00:00,sensor-line-6-202605241300,zone-3,bus-6,1.012,80.84,49.9832,6.69,2.671,2.671,line-6,4.937,32.0,30.6,48.01,76.61,normal,normal
2026-05-24T13:00:00+00:00,sensor-line-7-202605241300,zone-4,bus-7,1.0088,32.35,50.0406,3.671,3.158,0.874,line-7,2.092,24.0,30.6,48.01,76.61,normal,normal
2026-05-24T13:00:00+00:00,sensor-line-8-202605241300,zone-4,bus-8,1.0119,65.74,50.0012,4.07,0.547,0.547,line-8,3.323,27.0,30.6,48.01,76.61,normal,normal
2026-05-24T13:00:00+00:00,sensor-line-9-202605241300,zone-5,bus-1,1.0117,57.94,50.0174,4.726,3.568,0.582,line-9,3.168,29.0,30.6,48.01,76.61,normal,normal
2026-05-24T13:00:00+00:00,sensor-line-10-202605241300,zone-5,bus-6,1.002,55.46,49.9726,5.112,1.976,1.976,line-10,3.663,31.0,30.6,48.01,76.61,normal,normal
2026-05-24T14:00:00+00:00,sensor-line-1-202605241400,zone-1,bus-1,1.0096,48.03,49.9888,4.746,3.68,0.627,line-1,2.756,22.0,31.38,41.63,81.43,normal,normal
2026-05-24T14:00:00+00:00,sensor-line-2-202605241400,zone-1,bus-2,1.0039,81.13,49.9892,5.166,0.617,0.617,line-2,4.349,24.0,31.38,41.63,81.43,normal,normal
2026-05-24T14:00:00+00:00,sensor-line-3-202605241400,zone-2,bus-3,1.0132,77.78,49.981,5.987,2.231,2.231,line-3,4.232,26.0,31.38,41.63,81.43,normal,normal
2026-05-24T14:00:00+00:00,sensor-line-4-202605241400,zone-2,bus-4,1.0091,79.62,50.0097,5.795,0.665,0.665,line-4,4.452,28.0,31.38,41.63,81.43,normal,normal
2026-05-24T14:00:00+00:00,sensor-line-5-202605241400,zone-3,bus-5,1.016,105.45,49.9861,6.946,0.876,0.876,line-5,6.103,30.0,31.38,41.63,81.43,normal,normal
2026-05-24T14:00:00+00:00,sensor-line-6-202605241400,zone-3,bus-6,1.0117,99.23,50.0099,6.28,2.475,2.475,line-6,5.486,32.0,31.38,41.63,81.43,normal,normal
2026-05-24T14:00:00+00:00,sensor-line-7-202605241400,zone-4,bus-7,1.0106,34.66,50.0114,3.419,2.886,0.861,line-7,1.839,24.0,31.38,41.63,81.43,normal,normal
2026-05-24T14:00:00+00:00,sensor-line-8-202605241400,zone-4,bus-8,1.009,42.34,49.9776,3.846,0.457,0.457,line-8,2.869,27.0,31.38,41.63,81.43,normal,normal
2026-05-24T14:00:00+00:00,sensor-line-9-202605241400,zone-5,bus-1,1.0018,47.15,49.9988,4.386,3.104,0.549,line-9,2.555,29.0,31.38,41.63,81.43,normal,normal
2026-05-24T14:00:00+00:00,sensor-line-10-202605241400,zone-5,bus-6,1.0127,62.48,49.9854,5.226,1.577,1.577,line-10,3.683,31.0,31.38,41.63,81.43,normal,normal
2026-05-24T15:00:00+00:00,sensor-line-1-202605241500,zone-1,bus-1,1.0113,55.85,49.9859,4.686,3.211,0.322,line-1,2.979,22.0,31.18,43.53,77.96,normal,normal
2026-05-24T15:00:00+00:00,sensor-line-2-202605241500,zone-1,bus-2,1.0099,60.48,49.9774,5.05,0.368,0.368,line-2,4.191,24.0,31.18,43.53,77.96,normal,normal
2026-05-24T15:00:00+00:00,sensor-line-3-202605241500,zone-2,bus-3,0.9982,86.15,50.0272,6.033,1.512,1.512,line-3,5.311,26.0,31.18,43.53,77.96,normal,normal
2026-05-24T15:00:00+00:00,sensor-line-4-202605241500,zone-2,bus-4,1.0087,92.41,49.9685,6.018,0.688,0.688,line-4,5.067,28.0,31.18,43.53,77.96,normal,normal
2026-05-24T15:00:00+00:00,sensor-line-5-202605241500,zone-3,bus-5,1.011,108.72,50.0121,6.871,0.466,0.466,line-5,6.527,30.0,31.18,43.53,77.96,normal,normal
2026-05-24T15:00:00+00:00,sensor-line-6-202605241500,zone-3,bus-6,1.0081,104.54,49.9697,6.931,1.736,1.736,line-6,6.036,32.0,31.18,43.53,77.96,normal,normal
2026-05-24T15:00:00+00:00,sensor-line-7-202605241500,zone-4,bus-7,1.0085,40.16,49.9958,3.253,2.503,0.374,line-7,1.633,24.0,31.18,43.53,77.96,normal,normal
2026-05-24T15:00:00+00:00,sensor-line-8-202605241500,zone-4,bus-8,1.0051,70.54,49.9821,4.065,0.35,0.35,line-8,3.72,27.0,31.18,43.53,77.96,normal,normal
2026-05-24T15:00:00+00:00,sensor-line-9-202605241500,zone-5,bus-1,1.0164,53.82,49.9844,4.457,3.064,0.378,line-9,2.999,29.0,31.18,43.53,77.96,normal,normal
2026-05-24T15:00:00+00:00,sensor-line-10-202605241500,zone-5,bus-6,1.0152,61.42,50.0239,4.773,1.046,1.046,line-10,3.345,31.0,31.18,43.53,77.96,normal,normal
2026-05-24T16:00:00+00:00,sensor-line-1-202605241600,zone-1,bus-1,1.001,40.57,49.9895,4.943,3.661,0.54,line-1,2.806,22.0,29.1,47.85,75.77,normal,normal
2026-05-24T16:00:00+00:00,sensor-line-2-202605241600,zone-1,bus-2,1.01,71.83,49.9646,5.2,0.486,0.486,line-2,4.384,24.0,29.1,47.85,75.77,normal,normal
2026-05-24T16:00:00+00:00,sensor-line-3-202605241600,zone-2,bus-3,1.0118,106.04,49.9821,6.257,1.47,1.47,line-3,5.558,26.0,29.1,47.85,75.77,normal,normal
2026-05-24T16:00:00+00:00,sensor-line-4-202605241600,zone-2,bus-4,0.9955,88.86,50.0261,5.903,0.753,0.753,line-4,4.538,28.0,29.1,47.85,75.77,normal,normal
2026-05-24T16:00:00+00:00,sensor-line-5-202605241600,zone-3,bus-5,1.0082,100.43,49.9624,7.209,0.717,0.717,line-5,5.974,30.0,29.1,47.85,75.77,normal,normal
2026-05-24T16:00:00+00:00,sensor-line-6-202605241600,zone-3,bus-6,1.0084,103.83,50.0221,7.127,1.57,1.57,line-6,6.18,32.0,29.1,47.85,75.77,normal,normal
2026-05-24T16:00:00+00:00,sensor-line-7-202605241600,zone-4,bus-7,1.0048,46.45,50.004,3.902,2.745,0.409,line-7,2.676,24.0,29.1,47.85,75.77,normal,normal
2026-05-24T16:00:00+00:00,sensor-line-8-202605241600,zone-4,bus-8,1.0065,58.07,49.9993,3.86,0.393,0.393,line-8,3.096,27.0,29.1,47.85,75.77,normal,normal
2026-05-24T16:00:00+00:00,sensor-line-9-202605241600,zone-5,bus-1,1.0137,59.53,50.0359,4.841,3.583,0.391,line-9,3.114,29.0,29.1,47.85,75.77,normal,normal
2026-05-24T16:00:00+00:00,sensor-line-10-202605241600,zone-5,bus-6,1.0045,63.78,49.9722,5.207,1.114,1.114,line-10,3.781,31.0,29.1,47.85,75.77,normal,normal
2026-05-24T17:00:00+00:00,sensor-line-1-202605241700,zone-1,bus-1,1.0156,58.64,49.9955,5.634,5.372,0.466,line-1,3.106,22.0,28.07,50.18,69.41,normal,normal
2026-05-24T17:00:00+00:00,sensor-line-2-202605241700,zone-1,bus-2,1.0152,101.7,49.9889,6.189,0.378,0.378,line-2,5.55,24.0,28.07,50.18,69.41,normal,normal
2026-05-24T17:00:00+00:00,sensor-line-3-202605241700,zone-2,bus-3,1.0035,105.96,49.9732,7.243,1.029,1.029,line-3,6.273,26.0,28.07,50.18,69.41,normal,normal
2026-05-24T17:00:00+00:00,sensor-line-4-202605241700,zone-2,bus-4,1.0012,104.55,50.0141,6.711,0.538,0.538,line-4,5.57,28.0,28.07,50.18,69.41,normal,normal
2026-05-24T17:00:00+00:00,sensor-line-5-202605241700,zone-3,bus-5,1.0099,110.86,49.9882,8.202,0.547,0.547,line-5,6.927,30.0,28.07,50.18,69.41,normal,normal
2026-05-24T17:00:00+00:00,sensor-line-6-202605241700,zone-3,bus-6,1.0124,105.71,49.9905,7.821,1.423,1.423,line-6,6.081,32.0,28.07,50.18,69.41,normal,normal
2026-05-24T17:00:00+00:00,sensor-line-7-202605241700,zone-4,bus-7,1.0082,48.65,49.9922,4.459,4.062,0.378,line-7,2.74,24.0,28.07,50.18,69.41,normal,normal
2026-05-24T17:00:00+00:00,sensor-line-8-202605241700,zone-4,bus-8,1.0125,63.03,49.9674,4.334,0.502,0.502,line-8,3.367,27.0,28.07,50.18,69.41,normal,normal
2026-05-24T17:00:00+00:00,sensor-line-9-202605241700,zone-5,bus-1,1.007,45.59,50.0213,5.375,4.599,0.192,line-9,3.0,29.0,28.07,50.18,69.41,normal,normal
2026-05-24T17:00:00+00:00,sensor-line-10-202605241700,zone-5,bus-6,1.0156,69.85,49.991,5.492,0.999,0.999,line-10,4.303,31.0,28.07,50.18,69.41,normal,normal
2026-05-24T18:00:00+00:00,sensor-line-1-202605241800,zone-1,bus-1,1.0036,56.57,49.9917,5.738,5.424,0.402,line-1,2.977,22.0,26.71,54.54,67.6,normal,normal
2026-05-24T18:00:00+00:00,sensor-line-2-202605241800,zone-1,bus-2,1.0076,81.5,49.9568,6.27,0.487,0.487,line-2,5.118,24.0,26.71,54.54,67.6,normal,normal
2026-05-24T18:00:00+00:00,sensor-line-3-202605241800,zone-2,bus-3,1.0129,117.03,49.9924,7.713,1.047,1.047,line-3,6.682,26.0,26.71,54.54,67.6,normal,normal
2026-05-24T18:00:00+00:00,sensor-line-4-202605241800,zone-2,bus-4,1.0108,102.15,49.9876,7.662,0.602,0.602,line-4,6.14,28.0,26.71,54.54,67.6,normal,normal
2026-05-24T18:00:00+00:00,sensor-line-5-202605241800,zone-3,bus-5,1.0064,117.67,49.9764,8.717,0.583,0.583,line-5,6.88,30.0,26.71,54.54,67.6,normal,normal
2026-05-24T18:00:00+00:00,sensor-line-6-202605241800,zone-3,bus-6,1.0082,122.58,49.9663,7.985,1.155,1.155,line-6,6.783,32.0,26.71,54.54,67.6,normal,normal
2026-05-24T18:00:00+00:00,sensor-line-7-202605241800,zone-4,bus-7,1.0069,32.73,50.0163,4.312,4.23,0.48,line-7,2.006,24.0,26.71,54.54,67.6,normal,normal
2026-05-24T18:00:00+00:00,sensor-line-8-202605241800,zone-4,bus-8,0.9982,510.17,49.9724,4.709,0.418,0.418,line-8,29.16,27.0,26.71,54.54,67.6,normal,line_overload
2026-05-24T18:00:00+00:00,sensor-line-9-202605241800,zone-5,bus-1,1.005,63.57,49.9994,5.619,4.829,0.359,line-9,3.493,29.0,26.71,54.54,67.6,normal,normal
2026-05-24T18:00:00+00:00,sensor-line-10-202605241800,zone-5,bus-6,0.91,0.0,49.9744,6.001,0.901,0.901,line-10,0.0,31.0,26.71,54.54,67.6,fault,fault_event
